Threshold,Precision,Recall,F1 Score
0.1,0.09815950920245399,0.9983722192078134,0.1787448999417136
0.2,0.1240405701754386,0.9820944112859469,0.22026163675083663
0.30000000000000004,0.15196884465599309,0.9527943570265871,0.26212867592177935
0.4,0.17978253848638173,0.9061313076505697,0.30003593244699966
0.5,0.21117591211175912,0.8448182311448725,0.337890625
0.6,0.25284780578898225,0.7346717308735757,0.3762156154487358
0.7000000000000001,0.3090855974291557,0.5740640260444927,0.40182301557159134
0.8,0.39058956916099774,0.37384698860553445,0.3820349320765179
0.9,0.5985130111524164,0.08735756918068367,0.15246212121212122
